{"Input":
  {
    "0":{
      "nameLoc" : "Salaverry",
      "parameters": [0.2823333, 0.57055556, 0.1162585, 1, 0.3110296, 0.1162585],
      "parameters2": [0.57055556, 0.1162585, 1, 0.3110296, 0.1162585,0.2823333],
      "parameters3": [0.1162585, 1, 0.3110296, 0.1162585,0.2823333,0.57055556],
      "parameters4": [1, 0.3110296, 0.1162585,0.2823333,0.57055556,0.1162585],
      "parameters5": [0.3110296, 0.1162585,0.2823333,0.57055556,0.1162585,1]
    },
    "1":{
      "nameLoc" : "Sanchez Cerro",
      "parameters": [0.59044443, 0.76838889, 0.050136, 0.6642064, 0.30973703, 0.6642064],
      "parameters2": [0.76838889, 0.050136, 0.6642064, 0.30973703, 0.6642064,0.59044443],
      "parameters3": [0.050136, 0.6642064, 0.30973703, 0.6642064,0.59044443,0.76838889],
      "parameters4" : [0.6642064, 0.30973703, 0.6642064,0.59044443,0.76838889,0.050136],
      "parameters5": [ 0.30973703, 0.6642064,0.59044443,0.76838889,0.050136,0.6642064]
    },
    "2":{
      "nameLoc" : "Circulo Militar",
      "parameters": [0.09233333, 0.16627778, 0.7555102, 0.6569048, 0.30943704, 0.16627778],
      "parameters2": [0.16627778, 0.7555102, 0.6569048, 0.30943704, 0.16627778,0.09233333],
      "parameters3": [0.7555102, 0.6569048, 0.30943704, 0.16627778,0.09233333,0.16627778],
      "parameters4": [0.6569048, 0.30943704, 0.16627778,0.09233333,0.16627778,0.7555102],
      "parameters5": [0.30943704, 0.16627778,0.09233333,0.16627778,0.7555102,0.6569048]
    },
    "3":{
      "nameLoc" : "Campo Marte",
      "parameters": [0.41673332, 0.45384616, 0.19779167, 0.302625, 0.12842858, 0.302625],
      "parameters2": [0.45384616, 0.19779167, 0.302625, 0.12842858, 0.302625,0.41673332],
      "parameters3": [0.19779167, 0.302625, 0.12842858, 0.302625,0.41673332,0.45384616],
      "parameters4": [0.302625, 0.12842858, 0.302625,0.41673332,0.45384616,0.19779167],
      "parameters5": [0.12842858, 0.302625,0.41673332,0.45384616,0.19779167,0.302625]
    },
    "4":{
      "nameLoc" : "H",
      "parameters": [0.4010667, 0.05128205, 0.17673957, 0.30045834, 0.12538096, 0.30045834],
      "parameters2": [0.05128205, 0.17673957, 0.30045834, 0.12538096, 0.30045834,0.4010667],
      "parameters3": [0.17673957, 0.30045834, 0.12538096, 0.30045834,0.4010667,0.05128205],
      "parameters4": [0.30045834, 0.12538096, 0.30045834,0.4010667,0.05128205,0.17673957],
      "parameters5": [0.12538096, 0.30045834,0.4010667,0.05128205,0.17673957,0.30045834]
    },
    "5":{
      "nameLoc" : "J",
      "parameters": [0.397, 0.45141026, 0.17092709, 0.30033332, 0.12414286, 0.30033332],
      "parameters2": [0.45141026, 0.17092709, 0.30033332, 0.12414286, 0.30033332,0.397],
      "parameters3": [0.17092709, 0.30033332, 0.12414286, 0.30033332,0.397,0.45141026],
      "parameters4": [0.30033332, 0.12414286, 0.30033332,0.397,0.45141026,0.17092709],
      "parameters5": [0.12414286, 0.30033332,0.397,0.45141026,0.17092709,0.30033332]
    }

} }
